Month,FY14,FY15
1,60.4842,59.483548
2,137.271621,114.550557
3,184.51389,215.030801
4,277.596302,256.588181
5,341.739663,353.272933
6,464.969142,471.362326
7,527.307086,625.590863
8,615.354487,698.575254
9,716.877324,788.314455
10,802.660365,894.123393
11,952.280384,986.671231
12,1124.204674,
